,Entidad,Municipio,2022 AVG,Latitude,Longitude
0,Aguascalientes,Aguascalientes,2501.33,21.880487,-102.2967195
1,Aguascalientes,Asientos,73.17,22.1321072,-102.09525589618855
2,Aguascalientes,Calvillo,82.0,21.849624249999998,-102.71254273225466
3,Aguascalientes,Jesús María,275.0,21.934555500000002,-102.46845171651151
4,Aguascalientes,Pabellón de Arteaga,95.83,22.1049335,-102.30162449267488
5,Aguascalientes,Rincón de Romos,101.33,22.2293637,-102.3229846
6,Aguascalientes,San Francisco de los Romo,118.5,22.02194665,-102.25177759390428
7,Baja California,Ensenada,1075.17,31.8996598,-116.5893542
8,Baja California,Mexicali,3075.67,32.550712,-115.0335028
9,Baja California,Playas de Rosarito,379.67,32.3541256,-117.0486938
10,Baja California,San Felipe,65.5,31.0269529,-114.839607
11,Baja California,San Quintín,131.17,30.5613719,-115.938162
12,Baja California,Tecate,308.33,32.5653831,-116.6298787
13,Baja California,Tijuana,4013.33,32.5264569,-116.99990017504683
14,Baja California Sur,Comondú,110.67,26.034644,-111.83314
15,Baja California Sur,La Paz,773.5,24.1422841,-110.3126162
16,Baja California Sur,Los Cabos,737.67,22.97323205,-109.78183680647533
17,Baja California Sur,Mulegé,88.17,26.891329,-111.982641
18,Campeche,Campeche,933.0,19.8381215,-90.5198253
19,Campeche,Candelaria,58.67,18.1860719,-91.0431166
20,Campeche,Carmen,605.67,18.45282335,-91.4128517365778
21,Campeche,Champotón,104.5,19.3439655,-90.7242742
22,Campeche,Escárcega,188.83,18.606934,-90.7385823
23,Chiapas,Palenque,81.0,17.45316095,-91.81212411848196
24,Chiapas,San Cristóbal de las Casas,87.0,16.6835469,-92.61551841991157
25,Chiapas,Tapachula,188.83,14.9258055,-92.32219567868036
26,Chiapas,Tuxtla Gutiérrez,250.83,16.753801,-93.115959
27,Chihuahua,Camargo,67.17,28.0582028,-104.38010649057823
28,Chihuahua,Chihuahua,1737.33,28.6523808,-106.0902046
29,Chihuahua,Cuauhtémoc,321.33,28.4009579,-106.8665305
30,Chihuahua,Delicias,276.67,28.1909814,-105.469426
31,Chihuahua,Hidalgo del Parral,267.0,26.9287164,-105.6674058
32,Chihuahua,Jiménez,76.0,27.1256227,-104.911862
33,Chihuahua,Juárez,2965.5,28.6517723,-106.0277621
34,Chihuahua,Meoqui,79.0,28.358394150000002,-105.521525730494
35,Chihuahua,Nuevo Casas Grandes,75.67,30.4154532,-107.9058804
36,Ciudad de México,Azcapotzalco,982.67,19.4837824,-99.1844166
37,Ciudad de México,Benito Juárez,1390.83,19.3717897,-99.1579191
38,Ciudad de México,Coyoacán,1394.67,19.3500942,-99.1623319
39,Ciudad de México,Cuajimalpa de Morelos,330.5,19.3635025,-99.2887688
40,Ciudad de México,Cuauhtémoc,3023.67,19.4416128,-99.1518637
41,Ciudad de México,Gustavo A. Madero,1988.67,19.4838614,-99.1134723
42,Ciudad de México,Iztacalco,898.33,19.3962535,-99.0965875
43,Ciudad de México,Iztapalapa,2801.5,19.3591195,-99.0929294
44,Ciudad de México,La Magdalena Contreras,402.83,19.3049539,-99.241301
45,Ciudad de México,Miguel Hidalgo,1140.83,19.4075059,-99.1917103
46,Ciudad de México,Milpa Alta,232.33,19.1919839,-99.0228937
47,Ciudad de México,Tlalpan,1218.83,19.2884203,-99.1670508
48,Ciudad de México,Tláhuac,676.5,19.2703721,-99.0049033
49,Ciudad de México,Venustiano Carranza,1090.83,19.4192316,-99.1133947
50,Ciudad de México,Xochimilco,683.33,19.2634938,-99.1033663
51,Ciudad de México,Álvaro Obregón,1302.5,19.3894713,-99.1957079
52,Coahuila,Acuña,458.67,29.319604,-100.94784
53,Coahuila,Allende,51.83,28.3420816,-100.8517302
54,Coahuila,Arteaga,70.67,25.3453685,-100.68317226747521
55,Coahuila,Francisco I. Madero,90.17,26.23755265,-103.09965556876554
56,Coahuila,Frontera,100.33,26.95420855,-101.55367293636212
57,Coahuila,Matamoros,257.83,25.5292865,-103.2319968
58,Coahuila,Monclova,367.17,26.8999988,-101.4171173
59,Coahuila,Múzquiz,144.67,28.34926665,-101.67409212939157
60,Coahuila,Nava,52.33,28.4217309,-100.7674167
61,Coahuila,Parras,112.0,25.591946,-102.38397132077614
62,Coahuila,Piedras Negras,453.67,28.6974528,-100.5334724
63,Coahuila,Ramos Arizpe,173.67,25.540787,-100.9466688
64,Coahuila,Sabinas,144.83,27.942464049999998,-101.07278132672445
65,Coahuila,Saltillo,1308.0,25.4230425,-100.9927509
66,Coahuila,San Juan de Sabinas,75.83,28.0646267,-101.39035376389009
67,Coahuila,San Pedro,194.83,26.1249273,-102.77456283182991
68,Coahuila,Torreón,1440.17,25.542698,-103.410512
69,Colima,Colima,782.67,19.2451909,-103.720828
70,Colima,Coquimatlán,56.0,19.1759779,-103.92391335718723
71,Colima,Cuauhtémoc,57.33,19.33854285,-103.58184874962902
72,Colima,Manzanillo,726.83,19.127656950000002,-104.28412563007706
73,Colima,Tecomán,210.33,18.903117299999998,-103.84627300735929
74,Colima,Villa de Álvarez,409.67,19.2651417,-103.736013
75,Durango,Durango,1229.67,24.022008,-104.6547415
76,Durango,Gómez Palacio,550.0,25.5732473,-103.494779
77,Durango,Lerdo,193.17,25.470964950000003,-103.66388219265889
78,Durango,Santiago Papasquiaro,68.5,25.02245415,-105.67208873593049
79,Guanajuato,Abasolo,83.5,20.5375581,-101.54578687631809
80,Guanajuato,Acámbaro,148.67,20.0291004,-100.7233311
81,Guanajuato,Apaseo el Alto,108.17,20.4325631,-100.59215214404156
82,Guanajuato,Apaseo el Grande,233.67,20.591932649999997,-100.59798678636592
83,Guanajuato,Celaya,1209.5,20.521788,-100.8140458
84,Guanajuato,Comonfort,109.83,20.73708895,-100.7973200901495
85,Guanajuato,Cortazar,223.67,20.4220211,-100.9305672503111
86,Guanajuato,Dolores Hidalgo Cuna de la Independencia Nacional,198.5,21.1049423,-100.91316141854401
87,Guanajuato,Guanajuato,571.0,21.0158848,-101.25284
88,Guanajuato,Irapuato,1310.33,20.6758761,-101.3521052
89,Guanajuato,León,4065.5,21.1218598,-101.6825081
90,Guanajuato,Moroleón,64.0,20.1262231,-101.193879
91,Guanajuato,Purísima del Rincón,95.67,20.9410576,-101.90609861948485
92,Guanajuato,Pénjamo,191.33,20.4313763,-101.724118
93,Guanajuato,Romita,56.5,20.81520495,-101.5849177551041
94,Guanajuato,Salamanca,498.83,20.65232455,-101.16684156787477
95,Guanajuato,Salvatierra,213.0,20.192654599999997,-100.86599313440021
96,Guanajuato,San Felipe,129.5,21.484687299999997,-101.17107352368737
97,Guanajuato,San Francisco del Rincón,186.5,20.923702849999998,-101.79852010906617
98,Guanajuato,San José Iturbide,122.33,21.0012598,-100.38447904075608
99,Guanajuato,San Luis de la Paz,134.83,21.38085245,-100.48180371533178
100,Guanajuato,San Miguel de Allende,408.17,20.9142238,-100.743784
101,Guanajuato,Santa Cruz de Juventino Rosas,116.83,20.683126299999998,-100.95907251460483
102,Guanajuato,Silao de la Victoria,435.33,20.97628155,-101.44957458329151
103,Guanajuato,Tarimoro,72.0,20.29292005,-100.75400735931134
104,Guanajuato,Uriangato,93.67,20.117735,-101.13804770804822
105,Guanajuato,Valle de Santiago,174.17,20.39680855,-101.25852629612066
106,Guanajuato,Villagrán,147.83,20.546408300000003,-100.99406980849488
107,Guanajuato,Yuriria,82.67,20.16649235,-101.31713413180964
108,Guerrero,Acapulco de Juárez,926.17,16.8680495,-99.8940182
109,Guerrero,Chilpancingo de los Bravo,341.67,17.3919748,-99.7428629297313
110,Guerrero,Iguala de la Independencia,144.83,18.1923169,-99.60236695337578
111,Guerrero,Taxco de Alarcón,71.5,18.5218084,-99.60650748671172
112,Guerrero,Tlapa de Comonfort,71.67,17.52712915,-98.585537556745
113,Guerrero,Zihuatanejo de Azueta,149.83,17.80789995,-101.49695243500551
114,Hidalgo,Actopan,108.17,20.30887855,-98.87565980207685
115,Hidalgo,Apan,103.17,19.73175865,-98.4815105416542
116,Hidalgo,Atotonilco de Tula,59.33,19.96030475,-99.23686124427782
117,Hidalgo,Cuautepec de Hinojosa,69.83,19.970157049999997,-98.26754862402078
118,Hidalgo,Epazoyucan,53.83,20.0378996,-98.64945430582401
119,Hidalgo,Huejutla de Reyes,105.0,21.14338025,-98.3883786710258
120,Hidalgo,Huichapan,56.33,20.3905629,-99.68216421440637
121,Hidalgo,Ixmiquilpan,99.67,20.53856895,-99.20111595607287
122,Hidalgo,Mineral de la Reforma,281.67,20.06063885,-98.73057242363191
123,Hidalgo,Mixquiahuala de Juárez,57.17,20.233502950000002,-99.15614225149776
124,Hidalgo,Pachuca de Soto,1080.33,20.1165413,-98.7413535
125,Hidalgo,Santiago Tulantepec de Lugo Guerrero,52.5,20.03481165,-98.3845327970109
126,Hidalgo,Tepeapulco,112.17,19.806301050000002,-98.50600450340094
127,Hidalgo,Tepeji del Río de Ocampo,142.17,19.893682650000002,-99.34871815266254
128,Hidalgo,Tizayuca,338.0,19.85257935,-98.95927027557966
129,Hidalgo,Tlaxcoapan,74.0,20.097502650000003,-99.23306962708496
130,Hidalgo,Tula de Allende,204.0,20.048948699999997,-99.37295616011426
131,Hidalgo,Tulancingo de Bravo,418.0,20.0839585,-98.3635381
132,Hidalgo,Zempoala,104.0,19.92594405,-98.64334991998203
133,Jalisco,Ameca,69.33,20.5347004,-104.06466098593745
134,Jalisco,Arandas,61.0,20.74931205,-102.3142822111025
135,Jalisco,Autlán de Navarro,75.5,19.75703,-104.31834015548738
136,Jalisco,Chapala,78.83,20.279764450000002,-103.22035855623801
137,Jalisco,El Salto,266.0,20.539100050000002,-103.24037752852841
138,Jalisco,Guadalajara,3251.0,20.6720375,-103.338396
139,Jalisco,Ixtlahuacán de los Membrillos,55.33,20.40302745,-103.20504879808468
140,Jalisco,Lagos de Moreno,187.0,21.533030099999998,-101.81995710355704
141,Jalisco,Ocotlán,74.17,20.3872033,-102.73361924832378
142,Jalisco,Puerto Vallarta,426.83,20.6407176,-105.220306
143,Jalisco,San Juan de los Lagos,56.0,21.254312650000003,-102.28137105849761
144,Jalisco,San Pedro Tlaquepaque,1046.83,20.59257745,-103.3388802826151
145,Jalisco,Tala,76.0,20.610062499999998,-103.70750330271915
146,Jalisco,Tepatitlán de Morelos,114.17,20.817055449999998,-102.6781613948367
147,Jalisco,Tlajomulco de Zúñiga,1036.5,20.48187375,-103.40050966382874
148,Jalisco,Tonalá,712.83,20.6185208,-103.22273591034522
149,Jalisco,Zapopan,1876.0,20.7211203,-103.3913671
150,Jalisco,Zapotlanejo,92.33,20.6396569,-103.05151855846849
151,Jalisco,Zapotlán el Grande,112.67,19.697346500000002,-103.51064802186409
152,Michoacán,Apatzingán,102.83,18.9681711,-102.46939679581978
153,Michoacán,Hidalgo,77.5,19.62612675,-100.63674778914242
154,Michoacán,Jacona,73.5,19.940849,-102.31748774975631
155,Michoacán,La Piedad,84.5,20.3429949,-102.031124
156,Michoacán,Lázaro Cárdenas,171.0,18.08271895,-102.48376376312719
157,Michoacán,Maravatío,51.67,19.89014525,-100.45327318434053
158,Michoacán,Morelia,1195.67,19.7027116,-101.1923818
159,Michoacán,Pátzcuaro,105.67,19.5136796,-101.6099596
160,Michoacán,Tarímbaro,99.67,19.81627885,-101.16373112841322
161,Michoacán,Uruapan,428.33,19.4060961,-102.03430719292024
162,Michoacán,Zamora,227.5,20.0290033,-102.27126866876873
163,Michoacán,Zitácuaro,166.67,19.4363828,-100.31786640456306
164,Morelos,Ayala,76.67,18.6968614,-98.97998875285435
165,Morelos,Cuautla,540.67,18.82294225,-98.97229948968672
166,Morelos,Cuernavaca,1191.0,18.9218274,-99.2342282
167,Morelos,Emiliano Zapata,162.0,18.80939095,-99.18603461532136
168,Morelos,Huitzilac,56.17,19.058623150000003,-99.232120718479
169,Morelos,Jiutepec,356.17,18.88638935,-99.17012240115315
170,Morelos,Jojutla,121.5,18.600025100000003,-99.22997156620391
171,Morelos,Puente de Ixtla,75.5,18.587623200000003,-99.31258203512381
172,Morelos,Temixco,223.67,18.8476735,-99.24559450820178
173,Morelos,Tepoztlán,84.83,18.991495899999997,-99.10254532724873
174,Morelos,Tlaltizapán de Zapata,60.33,18.7045227,-99.14191731588632
175,Morelos,Xochitepec,145.0,18.765330849999998,-99.2338980708908
176,Morelos,Yautepec,198.67,18.86529045,-99.06188083884936
177,Morelos,Yecapixtla,66.33,18.8594955,-98.87444434287102
178,México,Acambay de Ruíz Castañeda,62.0,19.959047050000002,-99.84802086293078
179,México,Acolman,222.67,19.6389474,-98.9109537
180,México,Almoloya de Juárez,282.83,19.39712725,-99.82162672889756
181,México,Amecameca,130.33,19.120025400000003,-98.70653181362624
182,México,Apaxco,67.17,19.9807399,-99.15181011020428
183,México,Atenco,116.17,19.54339605,-98.95686144441686
184,México,Atizapán de Zaragoza,1009.0,19.564017049999997,-99.27953557802653
185,México,Atlacomulco,225.5,19.81591915,-99.86811932469178
186,México,Axapusco,64.17,19.766078399999998,-98.79807909981619
187,México,Calimaya,109.67,19.1685936,-99.64426313296437
188,México,Capulhuac,56.5,19.1922895,-99.4645519
189,México,Chalco,1064.33,19.2382585,-98.81888376395177
190,México,Chicoloapan,381.17,19.4162929,-98.9014367
191,México,Chiconcuac,54.0,19.5450812,-98.89483411304158
192,México,Chimalhuacán,1285.0,19.4339293,-98.9580149
193,México,Coacalco de Berriozábal,657.83,19.6359452,-99.0948573
194,México,Coyotepec,89.67,18.39581975,-97.8331099037162
195,México,Cuautitlán,444.33,19.705518249999997,-99.16662568774402
196,México,Cuautitlán Izcalli,1576.17,19.6531356,-99.2145002
197,México,Ecatepec de Morelos,3592.5,19.5994083,-99.0487281
198,México,Huehuetoca,349.0,19.82220755,-99.27091641832402
199,México,Huixquilucan,482.67,19.37093275,-99.35680743246913
200,México,Ixtapaluca,910.67,19.3170983,-98.9050144
201,México,Ixtapan de la Sal,75.67,18.8409773,-99.69292428364544
202,México,Ixtlahuaca,167.33,19.6013674,-99.81332699561241
203,México,Jaltenco,53.0,19.75385145,-99.09300672597797
204,México,Jilotepec,173.67,19.6111499,-96.9052559880419
205,México,Jiquipilco,52.33,19.5916325,-99.63117431851674
206,México,Jocotitlán,81.33,19.715886349999998,-99.76231750637743
207,México,La Paz,552.0,19.36376855,-98.94631359855612
208,México,Lerma,285.67,19.326363200000003,-99.46005201756853
209,México,Melchor Ocampo,106.83,26.044443,-99.49383632649023
210,México,Metepec,698.33,19.25113375,-99.5937281303492
211,México,Naucalpan de Juárez,2099.5,19.4785796,-99.2328791
212,México,Nextlalpan,96.5,19.7262794,-99.0788724267725
213,México,Nezahualcóyotl,2005.0,19.4079028,-99.0181547
214,México,Nicolás Romero,706.83,19.63422625,-99.3695564379207
215,México,Ocoyoacac,152.0,19.2587373,-99.41777785971426
216,México,Otumba,73.33,19.65709395,-98.74015493982428
217,México,Otzolotepec,107.5,19.44420975,-99.52280284348663
218,México,Polotitlán,59.0,20.212129349999998,-99.81300000856308
219,México,San Antonio la Isla,60.83,19.1692363,-99.55676535264995
220,México,San Felipe del Progreso,80.67,19.64919735,-99.97018795379648
221,México,San José del Rincón,56.0,19.661131,-100.1532177
222,México,San Martín de las Pirámides,50.5,19.7044852,-98.8344679
223,México,San Mateo Atenco,203.67,19.262116849999998,-99.53700897682504
224,México,Tecámac,1054.5,19.7115011,-98.968354
225,México,Tejupilco,101.33,18.8906324,-100.12785901620762
226,México,Temascalapa,65.83,19.81630165,-98.87609516012185
227,México,Temascalcingo,52.0,19.915772,-100.00353
228,México,Temoaya,125.67,19.489330199999998,-99.5945723803028
229,México,Tenancingo,174.0,18.964659150000003,-99.56898209468059
230,México,Tenango del Valle,171.67,19.0760032,-99.64809060595108
231,México,Teoloyucan,167.5,19.75797385,-99.17303298734157
232,México,Teotihuacán,140.5,19.69335705,-98.88312638220704
233,México,Tepotzotlán,221.67,19.7187644,-99.30693310548483
234,México,Tequixquiac,65.67,19.8935209,-99.16711643558409
235,México,Texcoco,711.67,19.47559065,-98.85539643391266
236,México,Tezoyuca,96.33,19.5902244,-98.9079359
237,México,Tianguistenco,131.17,19.1622428,-99.4616997553999
238,México,Tlalmanalco,95.17,19.206607499999997,-98.7323191358236
239,México,Tlalnepantla de Baz,1813.67,19.546490249999998,-99.18993520138947
240,México,Toluca,2854.83,19.292545,-99.6569007
241,México,Tultepec,319.33,19.678169599999997,-99.12794455054969
242,México,Tultitlán,1098.67,19.616991249999998,-99.15927745045195
243,México,Valle de Bravo,222.33,19.1849101,-100.15126325880992
244,México,Valle de Chalco Solidaridad,759.67,19.282153,-98.9416122
245,México,Villa Guerrero,64.5,18.941406999999998,-99.68253317671494
246,México,Villa Victoria,68.17,19.4323473,-99.96031814609884
247,México,Xonacatlán,104.67,19.441550200000002,-99.44750185811573
248,México,Zinacantepec,382.17,19.20277035,-99.81352348885127
249,México,Zumpango,582.0,19.81293675,-99.08180953352705
250,Nayarit,Bahía de Banderas,113.67,20.8290434,-105.31750873696538
251,Nayarit,Tepic,279.33,21.5043446,-104.894676
252,Nuevo León,Allende,59.5,25.29883425,-100.04520159024096
253,Nuevo León,Apodaca,775.67,25.7430212,-100.1710854
254,Nuevo León,Cadereyta Jiménez,204.0,25.517336999999998,-99.87117351720661
255,Nuevo León,Ciénega de Flores,139.33,25.953326150000002,-100.18742414886418
256,Nuevo León,El Carmen,153.0,25.91611485,-100.35842308962563
257,Nuevo León,García,554.67,25.8064244,-100.6054213
258,Nuevo León,General Escobedo,626.17,25.790768,-100.3063241
259,Nuevo León,General Zuazua,105.5,25.8953873,-100.1078021
260,Nuevo León,Guadalupe,954.17,25.6572916,-100.15571440534205
261,Nuevo León,Juárez,685.67,25.6250036,-100.0750948
262,Nuevo León,Linares,194.33,24.8750729,-99.586813
263,Nuevo León,Montemorelos,137.67,25.16329245,-99.90360033407642
264,Nuevo León,Monterrey,2145.5,25.6308481,-100.2844569
265,Nuevo León,Pesquería,237.83,25.74694875,-100.00446843450533
266,Nuevo León,Sabinas Hidalgo,54.67,26.5037457,-100.1792993
267,Nuevo León,Salinas Victoria,152.17,26.1216805,-100.3270876995874
268,Nuevo León,San Nicolás de los Garza,532.0,25.7221226,-100.2719844
269,Nuevo León,San Pedro Garza García,199.67,25.6651051,-100.4022714
270,Nuevo León,Santa Catarina,369.5,25.5817176,-100.51918796279256
271,Nuevo León,Santiago,114.33,25.372109350000002,-100.26065214828485
272,Oaxaca,Ciudad Ixtepec,65.0,16.616553099999997,-95.07847266339157
273,Oaxaca,Heroica Ciudad de Huajuapan de León,135.83,17.847297949999998,-97.87753936105831
274,Oaxaca,Heroica Ciudad de Juchitán de Zaragoza,130.17,16.413328999999997,-94.9118794582709
275,Oaxaca,Matías Romero Avendaño,54.0,17.132452450000002,-94.87857877671998
276,Oaxaca,Miahuatlán de Porfirio Díaz,56.83,16.3610815,-96.5850578538718
277,Oaxaca,Oaxaca de Juárez,802.5,17.0604663,-96.7253575
278,Oaxaca,Salina Cruz,102.33,16.1825,-95.195833
279,Oaxaca,San Juan Bautista Tuxtepec,140.83,18.05040725,-96.11441883995342
280,Oaxaca,San Pedro Mixtepec,120.0,15.946232049999999,-97.0708388884558
281,Oaxaca,San Pedro Pochutla,73.0,15.7914326,-96.43006673475244
282,Oaxaca,Santa Cruz Xoxocotlán,129.83,17.0097137,-96.7376442618045
283,Oaxaca,Santa Lucía del Camino,79.17,17.067724050000002,-96.67343831493935
284,Oaxaca,Santa María Colotepec,63.67,15.85143395,-96.93960288751222
285,Oaxaca,Santa María Huatulco,54.0,15.8220916,-96.20598594305577
286,Oaxaca,Santiago Pinotepa Nacional,59.67,16.2961977,-98.1602324187746
287,Oaxaca,Santo Domingo Tehuantepec,95.33,16.18895985,-95.39602730678548
288,Oaxaca,Tlacolula de Matamoros,52.17,16.9314623,-96.46110745930906
289,Oaxaca,Villa de Zaachila,62.33,16.95290205,-96.78394662132122
290,Puebla,Amozoc,173.67,19.0637658,-98.04434935500456
291,Puebla,Atlixco,191.83,18.901370800000002,-98.45315160853366
292,Puebla,Chietla,62.67,18.5096737,-98.62205672731923
293,Puebla,Coronango,69.0,19.1367048,-98.29187742847712
294,Puebla,Cuautlancingo,172.5,19.119366,-98.2491623581376
295,Puebla,Huauchinango,89.33,20.1782494,-98.04907281070565
296,Puebla,Huejotzingo,116.83,19.164277050000003,-98.43927536067022
297,Puebla,Izúcar de Matamoros,92.67,18.50658165,-98.423077788842
298,Puebla,Puebla,2730.5,19.0437196,-98.1981486
299,Puebla,San Andrés Cholula,258.67,19.022046449999998,-98.28726612234529
300,Puebla,San Martín Texmelucan,271.5,19.2659835,-98.42487795456853
301,Puebla,San Pedro Cholula,193.33,19.0724114,-98.32236707919591
302,Puebla,Tecamachalco,76.83,18.8640574,-97.72823338555017
303,Puebla,Tehuacán,324.67,18.465801149999997,-97.39783479972402
304,Puebla,Tepeaca,69.67,19.017918899999998,-97.88463330606459
305,Puebla,Teziutlán,76.33,19.873992649999998,-97.37156286710564
306,Puebla,Xicotepec,57.17,20.3314624,-97.90560094962461
307,Puebla,Zacatlán,86.5,19.96059515,-98.00572136341704
308,Querétaro,Amealco de Bonfil,74.0,20.18744455,-100.06915521888165
309,Querétaro,Cadereyta de Montes,81.33,20.7912161,-99.6660444473338
310,Querétaro,Colón,77.83,20.749672699999998,-100.07966297234103
311,Querétaro,Corregidora,374.17,20.47781285,-100.44124724157984
312,Querétaro,El Marqués,286.67,20.73507785,-100.28357653504233
313,Querétaro,Ezequiel Montes,71.33,20.65290435,-99.90839037090646
314,Querétaro,Pedro Escobedo,93.17,20.46887135,-100.17162633028184
315,Querétaro,Querétaro,2842.33,20.5954708,-100.397059
316,Querétaro,San Juan del Río,587.33,20.387046249999997,-100.01196274827622
317,Querétaro,Tequisquiapan,111.83,20.542215849999998,-99.94789872743917
318,Quintana Roo,Bacalar,82.5,18.6782559,-88.3922556
319,Quintana Roo,Benito Juárez,2189.83,21.076680850000002,-86.92633521708406
320,Quintana Roo,Cozumel,157.83,20.4317585,-86.92027456597663
321,Quintana Roo,Felipe Carrillo Puerto,129.83,19.737974299999998,-88.08002779630925
322,Quintana Roo,Othón P. Blanco,608.33,18.4375388,-88.82567227653149
323,Quintana Roo,Puerto Morelos,57.83,20.848659,-86.876238
324,Quintana Roo,Solidaridad,738.67,20.6135395,-87.08487957928486
325,Quintana Roo,Tulum,184.33,20.2152358,-87.42953531439221
326,San Luis Potosí,Ciudad Fernández,58.83,21.990962250000003,-100.04852843541076
327,San Luis Potosí,Ciudad Valles,283.5,22.075792399999997,-99.07337577278943
328,San Luis Potosí,Matehuala,145.17,23.522903749999998,-100.60404600258255
329,San Luis Potosí,Mexquitic de Carmona,54.67,22.2548639,-101.1801926462922
330,San Luis Potosí,Rioverde,155.17,21.9792678,-100.24819727900706
331,San Luis Potosí,San Luis Potosí,2483.0,22.1516472,-100.9763993
332,San Luis Potosí,Soledad de Graciano Sánchez,632.17,22.297055450000002,-100.86719560926427
333,San Luis Potosí,Tamazunchale,75.67,21.24350145,-98.79686959674461
334,San Luis Potosí,Tamuín,51.17,22.0818969,-98.69319777571734
335,San Luis Potosí,Villa de Reyes,52.0,21.83475455,-101.00420829605416
336,San Luis Potosí,Xilitla,53.17,21.393526899999998,-99.0130347028807
337,Sinaloa,Ahome,462.17,25.924049099999998,-109.20583440830308
338,Sinaloa,Culiacán,951.33,24.7978965,-107.393395
339,Sinaloa,Guasave,226.0,25.5046381,-108.539960314508
340,Sinaloa,Mazatlán,504.17,23.2313053,-106.4153144
341,Sinaloa,Navolato,81.67,24.748912750000002,-107.7560440587446
342,Sonora,Agua Prieta,109.17,31.3179664,-109.5425509
343,Sonora,Caborca,147.33,30.8974875,-112.60800114389396
344,Sonora,Cajeme,549.33,27.71198065,-109.9022075359282
345,Sonora,Empalme,74.0,28.003090800000003,-110.66158806950205
346,Sonora,Guaymas,163.5,27.9216441,-110.8994059
347,Sonora,Hermosillo,911.67,29.0948207,-110.9692202
348,Sonora,Navojoa,128.67,27.02657005,-109.40226682750367
349,Sonora,Nogales,218.5,30.7240002,-112.184312
350,Sonora,San Luis Río Colorado,170.33,32.4517957,-114.7652542
351,Tabasco,Balancán,61.5,17.79751665,-91.34585889385215
352,Tabasco,Centla,131.83,18.353676200000002,-92.65219864326909
353,Tabasco,Centro,1620.67,18.027158800000002,-92.77479118046158
354,Tabasco,Comalcalco,307.67,18.2615076,-93.2231523
355,Tabasco,Cunduacán,214.83,18.08729035,-93.232135621376
356,Tabasco,Cárdenas,321.17,17.990878,-93.3753314
357,Tabasco,Emiliano Zapata,52.33,17.693626000000002,-91.63973455765353
358,Tabasco,Huimanguillo,206.17,17.7620967,-93.66344080511583
359,Tabasco,Jalapa,51.0,17.77080775,-92.80215155741587
360,Tabasco,Jalpa de Méndez,125.17,18.23790195,-93.07873438314721
361,Tabasco,Macuspana,220.33,17.8556822,-92.4223905822218
362,Tabasco,Nacajuca,183.83,18.1783621,-92.9551532239806
363,Tabasco,Paraíso,148.0,18.362305499999998,-93.18835870012157
364,Tabasco,Teapa,63.17,17.619730500000003,-92.97294134096892
365,Tabasco,Tenosique,104.67,17.45949075,-91.3134075788233
366,Tamaulipas,Altamira,239.5,22.5630208,-98.11651838883341
367,Tamaulipas,Ciudad Madero,195.0,22.278368,-97.82428606900629
368,Tamaulipas,El Mante,100.5,22.607873650000002,-98.93534140593027
369,Tamaulipas,Matamoros,350.83,25.8520977,-97.5017951
370,Tamaulipas,Nuevo Laredo,214.17,27.4761506,-99.5185992
371,Tamaulipas,Reynosa,753.17,26.0704018,-98.2963932
372,Tamaulipas,Río Bravo,118.67,25.9869955,-98.0976088
373,Tamaulipas,Tampico,303.0,22.2329889,-97.8614802
374,Tamaulipas,Victoria,574.5,23.7389846,-99.1441352
375,Tlaxcala,Apizaco,51.0,19.42643095,-98.07743344645611
376,Tlaxcala,Tlaxcala,64.5,19.3167101,-98.2386138
377,Veracruz,Acayucan,100.17,18.0281048,-95.03593818139205
378,Veracruz,Boca del Río,269.17,19.113008049999998,-96.11195022827359
379,Veracruz,Coatepec,93.0,19.4448572,-96.93362844130704
380,Veracruz,Coatzacoalcos,411.83,18.1396787,-94.4501731
381,Veracruz,Cosamaloapan de Carpio,82.67,18.28167395,-95.96435747268424
382,Veracruz,Cosoleacaque,115.17,18.0060183,-94.61748300858763
383,Veracruz,Córdoba,282.33,18.9239425,-96.92778896252608
384,Veracruz,Emiliano Zapata,75.5,19.45696955,-96.79127656186806
385,Veracruz,Fortín,65.17,18.9205704,-97.0137956
386,Veracruz,Huatusco,56.83,19.145626800000002,-96.9655040729127
387,Veracruz,Las Choapas,112.5,17.56348585,-93.94000863532293
388,Veracruz,Martínez de la Torre,186.17,20.1197165,-97.04616467665727
389,Veracruz,Medellín de Bravo,84.83,19.058333,-96.165278
390,Veracruz,Minatitlán,145.17,17.7052686,-94.38617333390417
391,Veracruz,Orizaba,136.67,18.849722,-97.103611
392,Veracruz,Papantla,124.17,20.4173494,-97.32174101533228
393,Veracruz,Perote,81.83,19.510864050000002,-97.26853448069734
394,Veracruz,Poza Rica de Hidalgo,236.0,20.537657449999998,-97.44512479987276
395,Veracruz,Pánuco,92.67,22.08052495,-98.23295792186903
396,Veracruz,Río Blanco,54.17,18.84522475,-97.15229388882733
397,Veracruz,San Andrés Tuxtla,159.17,18.4633672,-95.19831533920046
398,Veracruz,Tantoyuca,70.33,21.38968005,-98.19708004931753
399,Veracruz,Tierra Blanca,107.83,18.5272475,-96.21520077487331
400,Veracruz,Tihuatlán,71.17,20.68287745,-97.4867981487634
401,Veracruz,Tuxpan,192.33,20.9298337,-97.39366174892393
402,Veracruz,Veracruz,907.83,19.1798858,-96.135648
403,Veracruz,Xalapa,740.0,19.5408338,-96.9146374
404,Veracruz,Álamo Temapache,86.0,20.995193200000003,-97.75578419140825
405,Yucatán,Mérida,157.33,20.9670759,-89.6237402
406,Zacatecas,Calera,79.17,22.978479999999998,-102.85622288611614
407,Zacatecas,Fresnillo,405.5,23.2249237,-103.01628907146873
408,Zacatecas,Guadalupe,410.0,22.78238425,-102.45050578563979
409,Zacatecas,Jerez,94.5,22.7105933,-103.00147264243049
410,Zacatecas,Sombrerete,60.5,23.574518349999998,-103.6468284589375
411,Zacatecas,Zacatecas,460.0,22.7753891,-102.5722706
